student_id,study_hours,attendance,group_discussion,previous_test_score,final_exam_pass
S001,13.5,83,Yes,48,Fail
S002,6.8,93,No,43,Fail
S003,15.8,80,Yes,62,Pass
S004,16.7,87,No,64,Pass
S005,2.2,50,No,46,Fail
S006,5.5,75,Yes,51,Fail
S007,12.6,68,Yes,43,Pass
S008,10.4,63,Yes,59,Fail
S009,11.9,67,No,52,Fail
S010,7.7,73,No,63,Pass
S011,16.4,90,Yes,64,Pass
S012,15.9,63,No,57,Pass
S013,12.3,78,Yes,65,Pass
S014,17.6,74,No,75,Pass
S015,14.3,75,No,67,Fail
S016,7.7,89,No,40,Fail
S017,13.8,85,Yes,69,Pass
S018,7.2,93,No,46,Pass
S019,16.4,77,Yes,69,Pass
S020,11.8,70,Yes,45,Fail
S021,11.1,75,Yes,62,Fail
S022,8.6,80,Yes,48,Pass
S023,18.1,82,No,59,Pass
S024,11.2,65,No,62,Pass
S025,9.9,78,No,59,Pass
S026,10.2,80,Yes,52,Pass
S027,14.7,100,Yes,82,Pass
S028,13.8,100,Yes,63,Pass
S029,14.1,68,Yes,61,Fail
S030,14.2,75,No,65,Pass
S031,22.7,64,No,69,Fail
S032,10.0,70,No,59,Fail
S033,9.4,81,Yes,51,Fail
S034,7.9,91,Yes,52,Fail
S035,15.1,70,Yes,75,Pass
S036,17.6,72,No,58,Pass
S037,11.4,52,No,32,Fail
S038,7.8,75,Yes,67,Fail
S039,7.9,64,Yes,73,Pass
S040,15.3,73,Yes,60,Fail
S041,15.7,69,No,46,Pass
S042,14.7,78,Yes,61,Pass
S043,8.7,56,No,48,Fail
S044,13.2,61,No,57,Fail
S045,12.6,100,Yes,55,Pass
S046,13.1,63,Yes,64,Fail
S047,16.4,66,No,69,Fail
S048,13.1,100,Yes,53,Pass
S049,15.4,100,Yes,76,Pass
S050,12.3,64,No,76,Pass
S051,13.4,74,No,63,Fail
S052,15.2,83,No,63,Pass
S053,4.7,97,Yes,51,Pass
S054,10.4,66,No,60,Fail
S055,9.6,74,Yes,40,Fail
S056,8.8,86,Yes,58,Fail
S057,10.6,83,Yes,55,Fail
S058,19.5,76,Yes,88,Pass
S059,7.7,75,Yes,51,Fail
S060,16.8,63,Yes,79,Pass
S061,3.6,73,No,35,Fail
S062,10.3,74,No,62,Pass
S063,12.8,81,No,65,Pass
S064,14.9,72,Yes,55,Pass
S065,15.6,85,Yes,69,Pass
S066,16.0,91,Yes,80,Pass
S067,10.3,79,No,54,Fail
S068,9.7,82,Yes,42,Fail
S069,16.3,80,Yes,67,Pass
S070,11.0,78,Yes,50,Fail
S071,5.6,67,No,44,Fail
S072,6.3,80,Yes,50,Pass
S073,7.4,75,No,36,Pass
S074,14.5,100,Yes,54,Pass
S075,12.7,97,Yes,69,Pass
S076,15.5,84,Yes,62,Fail
S077,9.9,68,No,31,Pass
S078,12.8,65,Yes,66,Fail
S079,15.1,93,Yes,70,Pass
S080,10.5,81,Yes,52,Pass
S081,14.3,84,Yes,53,Fail
S082,8.7,56,No,58,Fail
S083,10.2,89,Yes,62,Pass
S084,10.1,83,Yes,79,Pass
S085,6.0,63,No,51,Fail
S086,14.4,73,No,66,Fail
S087,9.7,80,No,55,Fail
S088,12.1,79,Yes,68,Pass
S089,14.4,75,Yes,69,Pass
S090,14.2,77,No,74,Fail
S091,15.3,76,Yes,60,Pass
S092,11.5,80,No,55,Fail
S093,9.9,95,Yes,56,Pass
S094,11.6,47,No,60,Pass
S095,3.6,73,Yes,59,Fail
S096,4.8,78,No,44,Fail
S097,5.4,80,Yes,46,Fail
S098,7.0,72,Yes,53,Fail
S099,14.0,58,No,57,Fail
S100,7.5,81,Yes,62,Fail
S101,10.1,98,Yes,40,Fail
S102,18.5,62,No,60,Fail
S103,10.2,88,Yes,52,Fail
S104,15.7,75,No,44,Fail
S105,7.3,76,No,43,Pass
S106,11.0,65,No,47,Fail
S107,7.2,73,Yes,49,Fail
S108,10.3,93,Yes,70,Pass
S109,16.2,86,Yes,66,Pass
S110,3.4,96,Yes,40,Fail
S111,14.2,93,No,66,Pass
S112,13.2,84,No,72,Fail
S113,9.0,98,Yes,50,Pass
S114,4.8,81,Yes,41,Fail
S115,12.4,88,Yes,67,Fail
S116,9.4,74,No,53,Fail
S117,13.2,79,Yes,68,Pass
S118,12.1,70,No,58,Pass
S119,20.0,92,Yes,82,Pass
S120,10.8,64,Yes,46,Fail
S121,6.9,86,Yes,53,Fail
S122,12.9,76,Yes,59,Fail
S123,13.1,92,Yes,53,Pass
S124,18.8,89,No,59,Pass
S125,16.2,100,No,77,Pass
S126,13.8,87,Yes,61,Pass
S127,19.3,61,No,59,Fail
S128,6.1,75,No,49,Pass
S129,8.8,63,Yes,62,Pass
S130,7.4,70,No,30,Pass
S131,10.1,96,Yes,47,Pass
S132,5.1,84,Yes,42,Fail
S133,15.2,71,No,77,Pass
S134,10.9,66,No,58,Fail
S135,4.6,76,No,54,Fail
S136,6.9,62,Yes,38,Pass
S137,13.6,70,Yes,51,Pass
S138,16.2,83,No,72,Fail
S139,22.0,95,Yes,80,Pass
S140,26.6,90,Yes,90,Pass
S141,14.1,51,No,56,Fail
S142,7.1,80,Yes,55,Pass
S143,1.3,76,No,44,Fail
S144,13.3,83,Yes,70,Fail
S145,7.9,96,Yes,64,Pass
S146,9.9,53,No,37,Fail
S147,8.9,70,No,33,Fail
S148,11.3,85,Yes,69,Pass
S149,17.3,61,No,76,Pass
S150,12.8,96,Yes,55,Pass
S151,11.2,82,No,43,Pass
S152,6.8,87,Yes,54,Pass
S153,3.6,69,No,53,Fail
S154,9.6,87,Yes,74,Pass
S155,11.7,91,Yes,67,Pass
S156,20.8,83,No,72,Pass
S157,12.7,81,Yes,53,Pass
S158,16.9,83,No,69,Fail
S159,9.5,67,No,51,Fail
S160,6.1,74,No,40,Fail
S161,7.2,75,No,70,Pass
S162,8.4,82,Yes,71,Fail
S163,22.6,93,Yes,90,Pass
S164,7.9,64,No,42,Fail
S165,16.2,78,Yes,74,Pass
S166,7.5,94,Yes,62,Fail
S167,16.7,70,Yes,70,Fail
S168,13.9,69,Yes,72,Pass
S169,11.2,80,No,65,Pass
S170,11.8,88,Yes,68,Pass
S171,8.7,77,Yes,60,Pass
S172,14.2,95,Yes,70,Pass
S173,9.7,88,Yes,42,Fail
S174,5.9,86,Yes,52,Fail
S175,5.6,83,No,46,Fail
S176,12.9,100,Yes,54,Pass
S177,19.9,78,Yes,88,Pass
S178,12.8,54,No,72,Pass
S179,11.4,97,Yes,75,Pass
S180,13.4,73,Yes,63,Pass
S181,18.5,81,No,83,Pass
S182,13.1,94,Yes,65,Pass
S183,9.9,58,No,54,Fail
S184,17.5,65,No,56,Fail
S185,14.1,59,No,63,Fail
S186,19.7,71,No,71,Pass
S187,12.9,84,No,51,Pass
S188,5.9,82,No,50,Fail
S189,5.2,79,No,48,Fail
S190,20.3,64,No,86,Pass
S191,20.6,53,No,77,Pass
S192,11.1,78,Yes,58,Pass
S193,10.1,72,No,58,Pass
S194,19.3,86,Yes,73,Pass
S195,6.5,85,Yes,51,Fail
S196,7.5,78,No,43,Fail
S197,15.2,88,No,66,Pass
S198,10.0,80,No,50,Fail
S199,12.0,84,Yes,50,Pass
S200,11.2,69,No,61,Pass
